Hotel,Price
St. Thomas Square,75
American Quality Lodge,92
Hathaway Inn,105
Top Of The Gulf,129
Palm Grove,134
Shores of Panama,139
Sleep Inn ,140
La Quinta,155
Beachside Resort,156
Hawthorn Suites ,159
Origin Beach,159
The Reef,159
Casa Loma,163
Sunbird Beach,165
Tidewater Beach,166
Hampton Inn ,169
Long Beach,169
Origin At Seahaven,169
Paradise Palms,169
Seahaven Beach,169
Shores of Panama,169
Front Beach,170
Beachcomber,172
Edgewater Beach,179
Legacy,179
Twin Palms,185
Boardwalk Beach,189
Majestic Beach,189
Palazzo,189
Days Inn,195
Country Inn & Suites,199
Celadon Beach,204
Seychelles Beach,204
Sunrise Beach,204
Carillon Beach,208
Emerald Beach,209
Shores of Panama,209
Sterling Reef,215
Wyndham Bay Point,220
Holiday Inn Bay Point,221
Splash,225
Grand Panama Beach ,249
Laketown Wharf,249
Holiday Inn Panama City,278
Grandview East,279
Sterling Breeze,295
High Pointe,301
Holiday Inn Resort,303
Sterling Beach,305
Calypso Resort,309
En Soleil,359